source,content,author,date,rating,helpful_votes,subreddit,post_id,title
Reddit,Ass,fuckosta,1768963811,,1,F1movie,o0scy90,
Reddit,Low quality,fuckosta,1768963024,,1,F1movie,o0san19,
Reddit,lols,Wise_Flower_8753,1768787054,,1,F1movie,o0ee1ml,
Reddit,Because its cool. Sometimes it’s that simple.,Teffa_Bob,1768721083,,1,F1movie,o0967p4,
Reddit,"I know that they are characters in the film, but I would not ship Sonny with Kate. I'm just saying this because I said so. There are people you can ship with and people you can't ship with.",[deleted],1767624823,,1,F1movie,nxtq48j,
Reddit,"Did have fun watching this scene, especially when music was playing",Rabbitretreat,1767285547,,1,F1movie,nx3mlch,
Reddit,"I always thought that because Sonny Hayes was a gambler and lost control of his fortune and purpose, the deck every time he drew a card before a race was representing him taking his life back into his own hands. It also might have been a connection to his father who he lost at 13.",BitIllustrious4919,1766824362,,1,F1movie,nw5uh5i,
Reddit,"Field Van was formerly Sportsmobile West before they rebranded in 2020. The West location was founded almost 20 years after this van was manufactured by Sportsmobile. Sportsmobile developed their own 4x4 system in the 1990s which was produced mainly at the West location but they originally used the Pathfinder 4x4 system in the older model econolines like this one. 
[https://sportsmobile.com/experience/](https://sportsmobile.com/experience/)",LynxCompetitive4071,1766494779,,1,F1movie,nvjcng8,
Reddit,Actually wild like bro there’s other things to watch lmao,Dewlough,1766411661,,1,F1movie,nvdbde2,
Reddit,7 times is crazy,fuckcrowdfunding,1766375454,,1,F1movie,nvbbwan,
Reddit,In the beginning of the movie he also tells the Daytona crew “see you down the road.” I think it means goodbye in a nice way.,JohariOne,1766229889,,1,F1movie,nv0mp1s,
Reddit,https://www.instagram.com/p/DL2t0llsh3z/?hl=en,lunar_unit,1765904352,,1,F1movie,nud07ks,
Reddit,Wdym exactly? I know I was going on about it not being a authentic because rules wise but I think racing and action in this case are one. It’s whatever maybe it is an authentic racing movie idrc atp 😂 the movie was a big alright for me,FlounderSpirited297,1765643844,,1,F1movie,ntu3qpp,
Reddit,Counter point. It's not a racing movie. It's an action movie with racing as the back drop?,wishbackjumpsta,1765622975,,1,F1movie,ntsol94,
Reddit,I bought the movie when it first came out,FlounderSpirited297,1765585900,,2,F1movie,ntqkmrw,
Reddit,The actor brad pit said in an interview that the card was the 7 of spades.,PhantomGold247,1764659607,,1,F1movie,nrukwkn,
Reddit,At that time I was low-key rooting for sonny regardless of the crash or not😂,yourloverboy66,1762927292,,2,F1movie,noewhmb,
Reddit,"Yeah, her character name Kate McKenna :) I like the scene when Sonny giving proper feedback after crashing the car and she's upset, low pointing at JP. It's hilarious.",hellvy_reddit,1762913374,,2,F1movie,nodzck3,
Reddit,"Kate's other name was McKenna?Dangggg..I never knew that...But I don't blame her,she never got proper feedback from the other drivers,it kinda made it hard to diagnose a problem without knowing where to start.",yourloverboy66,1762874746,,2,F1movie,noakvwk,
Reddit,Then why are you on this sub-reddit?,RedditBen2013,1762105742,,1,F1movie,nmqlf5v,
Reddit,Who's even watching this crap? Seriously?,PomegranateThat414,1761826616,,1,F1movie,nm6g6zm,
Reddit,![gif](giphy|JUXGVpncYAU8NJ6BWz),RedditBen2013,1761753231,,1,F1movie,nm0zzlg,
Reddit,А на какой минуте было видно отражение карты?,Hot-Drummer-8109,1761549993,,1,F1movie,nlm2iep,
Reddit,Definitely Meshuggah,hoswald,1760845096,,1,F1movie,nk92rnb,
Reddit,"Ich tippe auf die fünf die 5 hat ihn beim Kartenspiel besiegt Anspielung auf: man kann auch mit schlechten Karten gewinnen. Außerdem beim baja auf dem Auto 23 2+3 ist 5. Werbung an der Seite ""Take"" 5 rausfinden werden wir es aber nie. 😁",gardenerRookie,1760724847,,1,F1movie,nk0h1ux,
